Transfer,Method,Train MSE,Test MSE,Train Cosine,Test Cosine,MSE Gap,Cosine Gap
gemma-2-2b-it-l20_to_gemma-2-2b-it-l20,identity,0.0,0.0,1.0,1.0,0.0,0.0
gemma-2-2b-it-l20_to_meta-llama-Llama-3.1-8B-Instruct-l20,linear,1.702928287272698e-08,2.7480117736899956e-08,0.9999659657478333,0.9999468326568604,1.0450834864172975e-08,1.913309097290039e-05
gemma-2-2b-it-l20_to_meta-llama-Llama-3.1-8B-Instruct-l20,mlp,4.72140745841898e-05,1.5238845662679523e-05,0.8972029089927673,0.9700531959533691,-3.197522892151028e-05,-0.0728502869606018
meta-llama-Llama-3.1-8B-Instruct-l20_to_gemma-2-2b-it-l20,linear,1.2215612343879911e-07,1.3080334326787124e-07,0.9998710751533508,0.999858021736145,8.647219829072128e-09,1.3053417205810547e-05
meta-llama-Llama-3.1-8B-Instruct-l20_to_gemma-2-2b-it-l20,mlp,7.161909161368385e-05,2.3199463612399995e-05,0.9130779504776001,0.9740785360336304,-4.8419628001283854e-05,-0.06100058555603027
meta-llama-Llama-3.1-8B-Instruct-l20_to_meta-llama-Llama-3.1-8B-Instruct-l20,identity,0.0,0.0,1.0,0.9999999403953552,0.0,5.960464477539063e-08
