Transfer,Method,Train MSE,Test MSE,Train Cosine,Test Cosine,MSE Gap,Cosine Gap
gemma-2-2b-it-l20_to_gemma-2-2b-it-l20,identity,0.0,0.0,1.0,1.0,0.0,0.0
gemma-2-2b-it-l20_to_gemma-2-9b-it-l30,linear,6.867459160275757e-05,4.496616747928783e-05,0.8426929712295532,0.9154520034790039,-2.370842412346974e-05,-0.07275903224945068
gemma-2-2b-it-l20_to_gemma-2-9b-it-l30,mlp,0.00010098388156620786,0.00013098923955112696,0.7904695868492126,0.7283767461776733,3.00053579849191e-05,0.06209284067153931
gemma-2-2b-it-l20_to_meta-llama-Llama-3.1-8B-Instruct-l20,linear,9.936984861269593e-05,9.542551561025903e-05,0.746825635433197,0.7949544787406921,-3.944333002436906e-06,-0.04812884330749512
gemma-2-2b-it-l20_to_meta-llama-Llama-3.1-8B-Instruct-l20,mlp,0.00011471986363176256,0.00010206876322627068,0.7093192338943481,0.7619510293006897,-1.2651100405491889e-05,-0.05263179540634155
gemma-2-9b-it-l30_to_gemma-2-9b-it-l30,identity,0.0,0.0,1.0,1.0,0.0,0.0
meta-llama-Llama-3.1-8B-Instruct-l20_to_meta-llama-Llama-3.1-8B-Instruct-l20,identity,0.0,0.0,1.0,1.0,0.0,0.0
